{
  "project_info": {
    "project_number": "526861069153",
    "project_id": "pomodoro-99697",
    "storage_bucket": "pomodoro-99697.appspot.com"
  },
  "client": [
    {
      "client_info": {
        "mobilesdk_app_id": "1:526861069153:android:7a2201ae7a0e7ec3f37320",
        "android_client_info": {
          "package_name": "com.example.pomodoro"
        }
      },
      "oauth_client": [],
      "api_key": [
        {
          "current_key": "AIzaSyB3R3LSfn5OKkZieLK13JdfMGFSlXDBfDE"
        }
      ],
      "services": {
        "appinvite_service": {
          "other_platform_oauth_client": []
        }
      }
    }
  ],
  "configuration_version": "1"
}